Timestamp,Consumption
2015-09-18 14:00:00,13037.6470588235
2015-09-18 15:00:00,11012
2015-09-18 16:00:00,9832
2015-09-18 17:00:00,19314
2015-09-18 18:00:00,28999
2015-09-18 19:00:00,28812
2015-09-18 20:00:00,29847
2015-09-18 21:00:00,31037
2015-09-18 22:00:00,20630
2015-09-18 23:00:00,9123
2015-09-19 00:00:00,9501
2015-09-19 01:00:00,10659
2015-09-19 02:00:00,10603
2015-09-19 03:00:00,10385
2015-09-19 04:00:00,8754
2015-09-19 05:00:00,8417
2015-09-19 06:00:00,10257
2015-09-19 07:00:00,11212
2015-09-19 08:00:00,10023
2015-09-19 09:00:00,10426
2015-09-19 10:00:00,16228
2015-09-19 11:00:00,25509
2015-09-19 12:00:00,25428
2015-09-19 13:00:00,23881
2015-09-19 14:00:00,17992
2015-09-19 15:00:00,12697
2015-09-19 16:00:00,10691
2015-09-19 17:00:00,21619
2015-09-19 18:00:00,31130
2015-09-19 19:00:00,32179
2015-09-19 20:00:00,30974
2015-09-19 21:00:00,27188
2015-09-19 22:00:00,17178
2015-09-19 23:00:00,10387
2015-09-20 00:00:00,10348
2015-09-20 01:00:00,8469
2015-09-20 02:00:00,8302
2015-09-20 03:00:00,8066
2015-09-20 04:00:00,7891
2015-09-20 05:00:00,7325
2015-09-20 06:00:00,8138
2015-09-20 07:00:00,9316
2015-09-20 08:00:00,9086
2015-09-20 09:00:00,9145
2015-09-20 10:00:00,19062
2015-09-20 11:00:00,31281
2015-09-20 12:00:00,26873
2015-09-20 13:00:00,23969
2015-09-20 14:00:00,21310
2015-09-20 15:00:00,11612
2015-09-20 16:00:00,10933
2015-09-20 17:00:00,20527
2015-09-20 18:00:00,30435
2015-09-20 19:00:00,33528
2015-09-20 20:00:00,31627
2015-09-20 21:00:00,26943
2015-09-20 22:00:00,14715
2015-09-20 23:00:00,9586
2015-09-21 00:00:00,11096
2015-09-21 01:00:00,9688
2015-09-21 02:00:00,8419
2015-09-21 03:00:00,8262
2015-09-21 04:00:00,9780
2015-09-21 05:00:00,9672
2015-09-21 06:00:00,10031
2015-09-21 07:00:00,8521
2015-09-21 08:00:00,8406
2015-09-21 09:00:00,8332
2015-09-21 10:00:00,18078
2015-09-21 11:00:00,30826
2015-09-21 12:00:00,22880
2015-09-21 13:00:00,20216
2015-09-21 14:00:00,20808
2015-09-21 15:00:00,16720
2015-10-15 21:00:00,6957.3913043478
2015-10-15 22:00:00,5913
2015-10-15 23:00:00,7003
2015-10-16 00:00:00,6283
2015-10-16 01:00:00,7100
2015-10-16 02:00:00,6689
2015-10-16 03:00:00,6756
2015-10-16 04:00:00,6400
2015-10-16 05:00:00,6046
2015-10-16 06:00:00,6912
2015-10-16 07:00:00,8566
2015-10-16 08:00:00,6330
2015-10-16 09:00:00,6380
2015-10-16 10:00:00,14703
2015-10-16 11:00:00,29303
2015-10-16 12:00:00,24537
2015-10-16 13:00:00,22974
2015-10-16 14:00:00,15538
2015-10-16 15:00:00,9325
2015-10-16 16:00:00,7497
2015-10-16 17:00:00,16511
2015-10-16 18:00:00,30054
2015-10-16 19:00:00,28705
2015-10-16 20:00:00,25925
2015-10-16 21:00:00,18056
2015-10-16 22:00:00,8000
2015-10-16 23:00:00,7722
2015-10-17 00:00:00,8328
2015-10-17 01:00:00,7832
2015-10-17 02:00:00,7281
2015-10-17 03:00:00,7240
2015-10-17 04:00:00,7015
2015-10-17 05:00:00,6557
2015-10-17 06:00:00,7366
2015-10-17 07:00:00,8029
2015-10-17 08:00:00,7621
2015-10-17 09:00:00,6973
2015-10-17 10:00:00,12705
2015-10-17 11:00:00,29733
2015-10-17 12:00:00,25159
2015-10-17 13:00:00,21799
2015-10-17 14:00:00,14571
2015-10-17 15:00:00,8570
2015-10-17 16:00:00,7074
2015-10-17 17:00:00,19941
2015-10-17 18:00:00,31834
2015-10-17 19:00:00,28835
2015-10-17 20:00:00,28862
2015-10-17 21:00:00,23069
2015-10-17 22:00:00,16222
2015-10-17 23:00:00,9664
2015-10-18 00:00:00,7730
2015-10-18 01:00:00,7367
2015-10-18 02:00:00,7575
2015-10-18 03:00:00,7032
2015-10-18 04:00:00,7170
2015-10-18 05:00:00,6439
2015-10-18 06:00:00,7229
2015-10-18 07:00:00,8370
2015-10-18 08:00:00,7045
2015-10-18 09:00:00,6223
2015-10-18 10:00:00,17239
2015-10-18 11:00:00,29680
2015-10-18 12:00:00,27581
2015-10-18 13:00:00,27509
2015-10-18 14:00:00,16965
2015-10-18 15:00:00,7735
2015-10-18 16:00:00,7804
2015-10-18 17:00:00,18335
2015-10-18 18:00:00,29529
2015-10-18 19:00:00,24639
2015-10-18 20:00:00,21471
2015-10-18 21:00:00,17105
2015-10-18 22:00:00,10209
2015-10-18 23:00:00,9260
2015-10-19 00:00:00,8950
2015-10-19 01:00:00,7997
2015-10-19 02:00:00,8009
2015-10-19 03:00:00,8728
2015-10-19 04:00:00,8616
2015-10-19 05:00:00,7885
2015-10-19 06:00:00,7630
2015-10-19 07:00:00,8757
2015-10-19 08:00:00,7959
2015-10-19 09:00:00,7840
2015-10-19 10:00:00,17299
2015-10-19 11:00:00,30008
2015-10-19 12:00:00,23383
2015-10-19 13:00:00,19674
2015-10-19 14:00:00,15436
2015-10-19 15:00:00,10205
2015-10-19 16:00:00,9444
2015-10-19 17:00:00,20140
2015-10-19 18:00:00,25063
2015-10-19 19:00:00,21142
2015-10-19 20:00:00,21536
2015-10-19 21:00:00,16735
2015-10-19 22:00:00,14993
2015-10-19 23:00:00,9449
2015-10-20 00:00:00,9433
2015-10-20 01:00:00,10140
2015-10-20 02:00:00,9652
2015-10-20 03:00:00,9137
2015-10-20 04:00:00,7712
2015-10-20 05:00:00,7907
2015-10-20 06:00:00,6984
2015-10-20 07:00:00,8983
2015-10-20 08:00:00,8924
2015-10-20 09:00:00,8219
2015-10-20 10:00:00,17149
2015-10-20 11:00:00,30487
2015-10-20 12:00:00,21692
2015-10-20 13:00:00,21528
2015-10-20 14:00:00,14112
2015-10-20 15:00:00,9452
2015-10-20 16:00:00,8408
2015-10-20 17:00:00,19033
2015-10-20 18:00:00,28337
2015-10-20 19:00:00,28228
2015-10-20 20:00:00,27613
2015-10-20 21:00:00,21396
2015-10-20 22:00:00,10851
2015-10-20 23:00:00,7868
2015-10-21 02:00:00,7865.0847457627
2015-10-21 03:00:00,8642
2015-10-21 04:00:00,7347
2015-10-21 05:00:00,7400
2015-10-21 06:00:00,7499
2015-10-21 07:00:00,9992
2015-10-21 08:00:00,8324
2015-10-21 09:00:00,6695
2015-10-21 10:00:00,16174
2015-10-21 11:00:00,32199
2015-10-21 12:00:00,24206
2015-10-21 13:00:00,23211
2015-10-21 14:00:00,16829
2015-10-21 15:00:00,8808
2015-10-21 16:00:00,8684
2015-10-21 17:00:00,18585
2015-10-21 18:00:00,25239
2015-10-21 19:00:00,24627
2015-10-21 20:00:00,27473
2015-10-21 21:00:00,22816
2015-10-21 22:00:00,13237
2015-10-21 23:00:00,9593
2015-10-22 00:00:00,9420
2015-10-22 01:00:00,8927
2015-10-22 02:00:00,8318
2015-10-22 03:00:00,8835
2015-10-22 04:00:00,8518
2015-10-22 05:00:00,8331
2015-10-22 06:00:00,8037
2015-10-22 07:00:00,7622
2015-10-22 08:00:00,8013
2015-10-22 09:00:00,7247
2015-10-22 10:00:00,8273
2015-10-22 11:00:00,8718
2015-10-22 12:00:00,8393
2015-10-22 13:00:00,7472
2015-10-22 14:00:00,8553
2015-10-22 15:00:00,7515
2015-10-22 16:00:00,9351
2015-10-22 17:00:00,8201
2015-10-22 18:00:00,7761
2015-10-22 19:00:00,8248
2015-10-22 20:00:00,7255
2015-10-22 21:00:00,7822
2015-10-22 22:00:00,7799
2015-10-22 23:00:00,9635
2015-10-23 00:00:00,7639.8755364791
2015-10-23 01:00:00,8612.124463521
2015-10-23 02:00:00,7318
2015-10-23 03:00:00,7864
2015-10-23 04:00:00,7710
2015-10-23 05:00:00,7528
2015-10-23 06:00:00,8343
2015-10-23 07:00:00,8845
2015-10-23 08:00:00,8805
2015-10-23 09:00:00,6735
2015-10-23 10:00:00,15282
2015-10-23 11:00:00,30986
2015-10-23 12:00:00,26244
2015-10-23 13:00:00,22622
2015-10-23 14:00:00,15698
2015-10-23 15:00:00,8579
2015-10-23 16:00:00,8741
2015-10-23 17:00:00,18969
2015-10-23 18:00:00,27711
2015-10-23 19:00:00,21881
2015-10-23 20:00:00,29822
2015-10-23 21:00:00,24490
2015-10-23 22:00:00,13319
2015-10-23 23:00:00,9371
2015-10-24 00:00:00,7897
2015-10-24 01:00:00,8799
2015-10-24 02:00:00,9134
2015-10-24 03:00:00,7941
2015-10-24 04:00:00,9553
2015-10-24 05:00:00,8658
2015-10-24 06:00:00,7637
2015-10-24 07:00:00,10171
2015-10-24 08:00:00,8124
2015-10-24 09:00:00,8825
2015-10-24 10:00:00,14502
2015-10-24 11:00:00,31436
2015-10-24 12:00:00,24376
2015-10-24 13:00:00,21091
2015-10-24 14:00:00,15532
2015-10-24 15:00:00,10162
2015-10-24 16:00:00,9328
2015-10-24 17:00:00,19571
2015-10-24 18:00:00,31076
2015-10-24 19:00:00,30795
2015-10-24 20:00:00,29589
2015-10-24 21:00:00,25729
2015-10-24 22:00:00,17424
2015-10-24 23:00:00,10389
2015-10-25 00:00:00,9988
2015-10-25 01:00:00,9615
2015-10-25 02:00:00,10087
2015-10-25 03:00:00,9284
2015-10-25 04:00:00,8376
2015-10-25 05:00:00,7485
2015-10-25 06:00:00,8445
2015-10-25 07:00:00,8734
2015-10-25 08:00:00,10281
2015-10-25 09:00:00,8480
2015-10-25 10:00:00,16408
2015-10-25 11:00:00,29347
2015-10-25 12:00:00,26160
2015-10-25 13:00:00,22819
2015-10-25 14:00:00,19955
2015-10-25 15:00:00,9784
2015-10-25 16:00:00,7909
2015-10-25 17:00:00,22391
2015-10-25 18:00:00,32217
2015-10-25 19:00:00,29326
2015-10-25 20:00:00,29185
2015-10-25 21:00:00,22648
2015-10-25 22:00:00,12396
2015-10-25 23:00:00,9408
2015-10-26 00:00:00,9403
2015-10-26 01:00:00,7660
2015-10-26 02:00:00,8715
2015-10-26 03:00:00,8314
2015-10-26 04:00:00,9329
2015-10-26 05:00:00,7805
2015-10-26 06:00:00,9553
2015-10-26 07:00:00,8171
2015-10-26 08:00:00,7756
2015-10-26 09:00:00,14741
2015-10-26 10:00:00,27872
2015-10-26 11:00:00,27567
2015-10-26 12:00:00,20425
2015-10-26 13:00:00,19691
2015-10-26 14:00:00,13524
2015-10-26 15:00:00,9428
2015-10-26 16:00:00,9032
2015-10-26 17:00:00,20314
2015-10-26 18:00:00,24740
2015-10-26 19:00:00,23675
2015-10-26 20:00:00,23460
2015-10-26 21:00:00,16787
2015-10-26 22:00:00,11459
2015-10-26 23:00:00,8778
2015-10-27 00:00:00,7853
2015-10-27 01:00:00,8356
2015-10-27 02:00:00,7790
2015-10-27 03:00:00,8522
2015-10-27 04:00:00,8095
2015-10-27 05:00:00,8729
2015-10-27 06:00:00,8581
2015-10-27 07:00:00,8623
2015-10-27 08:00:00,9057
2015-10-27 09:00:00,7813
2015-10-27 10:00:00,17409
2015-10-27 11:00:00,28664
2015-10-27 12:00:00,25004
2015-10-27 13:00:00,22448
2015-10-27 14:00:00,16328
2015-10-27 15:00:00,10672
2015-10-27 16:00:00,7844
2015-10-27 17:00:00,22719
2015-10-27 18:00:00,27751
2015-10-27 19:00:00,19934
2015-10-27 20:00:00,24039
2015-10-27 21:00:00,21155
2015-10-27 22:00:00,13017
2015-10-27 23:00:00,10482.6923076923
2015-11-09 03:00:00,10507.0588235294
2015-11-09 04:00:00,9168
2015-11-09 05:00:00,9281
2015-11-09 06:00:00,9737
2015-11-09 07:00:00,8607
2015-11-09 08:00:00,7381
2015-11-09 09:00:00,7810
2015-11-09 10:00:00,16584
2015-11-09 11:00:00,28516
2015-11-09 12:00:00,23877
2015-11-09 13:00:00,20971
2015-11-09 14:00:00,14438
2015-11-09 15:00:00,10196
2015-11-09 16:00:00,9628
2015-11-09 17:00:00,19654
2015-11-09 18:00:00,28629
2015-11-09 19:00:00,24828
2015-11-09 20:00:00,23139
2015-11-09 21:00:00,21183
2015-11-09 22:00:00,11179
2015-11-09 23:00:00,9434
2015-11-10 00:00:00,9715
2015-11-10 01:00:00,9537
2015-11-10 02:00:00,9575
2015-11-10 03:00:00,9224
2015-11-10 04:00:00,8888
2015-11-10 05:00:00,8214
2015-11-10 06:00:00,9381
2015-11-10 07:00:00,9203
2015-11-10 08:00:00,9194
2015-11-10 09:00:00,8977
2015-11-10 10:00:00,16193
2015-11-10 11:00:00,29370
2015-11-10 12:00:00,26697
2015-11-10 13:00:00,19377
2015-11-10 14:00:00,13036
2015-11-10 15:00:00,10196
2015-11-10 16:00:00,8368
2015-11-10 17:00:00,20329
2015-11-10 18:00:00,28790
2015-11-10 19:00:00,29524
2015-11-10 20:00:00,30236
2015-11-10 21:00:00,24997
2015-11-10 22:00:00,14752
2015-11-10 23:00:00,10790
2015-11-11 01:00:00,9367.1186440678
2015-11-11 02:00:00,9756
2015-11-11 03:00:00,10359
2015-11-11 04:00:00,9432
2015-11-11 05:00:00,8830
2015-11-11 06:00:00,10446
2015-11-11 07:00:00,10434
2015-11-11 08:00:00,8796
2015-11-11 09:00:00,8461
2015-11-11 10:00:00,16818
2015-11-11 11:00:00,29470
2015-11-11 12:00:00,24405
2015-11-11 13:00:00,23888
2015-11-11 14:00:00,17497
2015-11-11 15:00:00,11022
2015-11-11 16:00:00,8663
2015-11-11 17:00:00,21557
2015-11-11 18:00:00,29727
2015-11-11 19:00:00,29931
2015-11-11 20:00:00,26636
2015-11-11 21:00:00,26011
2015-11-11 22:00:00,13072
2015-11-11 23:00:00,9903
2015-11-12 00:00:00,10958
2015-11-12 01:00:00,9893
2015-11-12 02:00:00,10319
2015-11-12 03:00:00,9673
2015-11-12 04:00:00,8402
2015-11-12 05:00:00,8292
2015-11-12 06:00:00,10139
2015-11-12 07:00:00,8410
2015-11-12 08:00:00,8941
2015-11-12 09:00:00,9350
2015-11-12 10:00:00,8108
2015-11-12 11:00:00,8346
2015-11-12 12:00:00,10709
2015-11-12 13:00:00,8107
2015-11-12 14:00:00,8736
2015-11-12 15:00:00,9383
2015-11-12 16:00:00,9792
2015-11-12 17:00:00,8340
2015-11-12 18:00:00,8678
2015-11-12 19:00:00,8341
2015-11-12 20:00:00,8182
2015-11-12 21:00:00,9230
2015-11-12 22:00:00,9121
2015-11-12 23:00:00,7777
2015-11-13 00:00:00,9282
2015-11-13 01:00:00,8378
2015-11-13 02:00:00,8814
2015-11-13 03:00:00,8538
2015-11-13 04:00:00,9027
2015-11-13 05:00:00,8264
2015-11-13 06:00:00,9199
2015-11-13 07:00:00,10307
2015-11-13 08:00:00,9621
2015-11-13 09:00:00,7493
2015-11-13 10:00:00,19566
2015-11-13 11:00:00,30408
2015-11-13 12:00:00,23012
2015-11-13 13:00:00,21103
2015-11-13 14:00:00,17993
2015-11-13 15:00:00,10402
2015-11-13 16:00:00,8592
2015-11-13 17:00:00,19593
2015-11-13 18:00:00,28131
2015-11-13 19:00:00,22079
2015-11-13 20:00:00,22111
2015-11-13 21:00:00,23003
2015-11-13 22:00:00,9960
2015-11-13 23:00:00,7233
2015-11-14 00:00:00,8974
2015-11-14 01:00:00,8865
2015-11-14 02:00:00,9631
2015-11-14 03:00:00,7885
2015-11-14 04:00:00,7277
2015-11-14 05:00:00,6425
2015-11-14 06:00:00,8341
2015-11-14 07:00:00,9105
2015-11-14 08:00:00,9944
2015-11-14 09:00:00,8539
2015-11-14 10:00:00,15515
2015-11-14 11:00:00,29190
2015-11-14 12:00:00,23440
2015-11-14 13:00:00,19992
2015-11-14 14:00:00,14713
2015-11-14 15:00:00,8000
2015-11-14 16:00:00,8045
2015-11-14 17:00:00,18496
2015-11-14 18:00:00,31700
2015-11-14 19:00:00,28287
2015-11-14 20:00:00,25591
2015-11-14 21:00:00,21375
2015-11-14 22:00:00,9976
2015-11-14 23:00:00,8112
2015-11-15 00:00:00,9894
2015-11-15 01:00:00,9801
2015-11-15 02:00:00,9488
2015-11-15 03:00:00,9316
2015-11-15 04:00:00,8301
2015-11-15 05:00:00,7178
2015-11-15 06:00:00,8704
2015-11-15 07:00:00,8917
2015-11-15 08:00:00,9330
2015-11-15 09:00:00,7623
2015-11-15 10:00:00,15058
2015-11-15 11:00:00,29963
2015-11-15 12:00:00,25068
2015-11-15 13:00:00,26400
2015-11-15 14:00:00,22726
2015-11-15 15:00:00,10498
2015-11-15 16:00:00,8927
2015-11-15 17:00:00,19103
2015-11-15 18:00:00,29237
2015-11-15 19:00:00,25521
2015-11-15 20:00:00,29441
2015-11-15 21:00:00,23544
2015-11-15 22:00:00,14477
2015-11-15 23:00:00,9507
2015-11-16 00:00:00,10278
2015-11-16 01:00:00,10436
2015-11-16 02:00:00,9798
2015-11-16 03:00:00,9090
2015-11-16 04:00:00,7892
2015-11-16 05:00:00,8094
2015-11-16 06:00:00,9587
2015-11-16 07:00:00,10030
2015-11-16 08:00:00,8978
2015-11-16 09:00:00,8724
2015-11-16 10:00:00,13132
2015-11-16 11:00:00,30893
2015-11-16 12:00:00,20979
2015-11-16 13:00:00,21216
2015-11-16 14:00:00,13246
2015-11-16 15:00:00,10574
2015-11-16 16:00:00,9864
2015-11-16 17:00:00,20590
2015-11-16 18:00:00,27398
2015-11-16 19:00:00,26053
2015-11-16 20:00:00,24495
2015-11-16 21:00:00,21923
2015-11-16 22:00:00,11397
2015-11-16 23:00:00,8847
2015-11-17 00:00:00,10823
2015-11-17 01:00:00,10125
2015-11-17 02:00:00,9108
2015-11-17 03:00:00,9775
2015-11-17 04:00:00,9192
2015-11-17 05:00:00,8171
2015-11-17 06:00:00,9368
2015-11-17 07:00:00,7992
2015-11-17 08:00:00,10421
2015-11-17 09:00:00,8553
2015-11-17 10:00:00,17043
2015-11-17 11:00:00,30425
2015-11-17 12:00:00,22363
2015-11-17 13:00:00,20686
2015-11-17 14:00:00,17535
2015-11-17 15:00:00,11779
2015-11-17 16:00:00,11231
2015-11-17 17:00:00,20841
2015-11-17 18:00:00,31493
2015-11-17 19:00:00,22613
2015-11-17 20:00:00,24086
2015-11-17 21:00:00,16720
2015-11-17 22:00:00,10588
2015-11-17 23:00:00,9542
2015-11-18 01:00:00,9072.2033898305
2015-11-18 02:00:00,10140
2015-11-18 03:00:00,9684
2015-11-18 04:00:00,11357.23046875
2015-11-18 05:00:00,11413.76953125
2015-11-18 06:00:00,11679
2015-11-18 07:00:00,9304
2015-11-18 08:00:00,9829
2015-11-18 09:00:00,7908
2015-11-18 10:00:00,18541
2015-11-18 11:00:00,30516
2015-11-18 12:00:00,24799
2015-11-18 13:00:00,23266
2015-11-18 14:00:00,15221
2015-11-18 15:00:00,11183
2015-11-18 16:00:00,9686
2015-11-18 17:00:00,18885
2015-11-18 18:00:00,31372
2015-11-18 19:00:00,29183
2015-11-18 20:00:00,25636
2015-11-18 21:00:00,20532
2015-11-18 22:00:00,14153
2015-11-18 23:00:00,10290
2015-11-19 00:00:00,10547
2015-11-19 01:00:00,10576
2015-11-19 02:00:00,9367
2015-11-19 03:00:00,9404
2015-11-19 04:00:00,9027
2015-11-19 05:00:00,8655
2015-11-19 06:00:00,8980
2015-11-19 07:00:00,7875
2015-11-19 08:00:00,9331
2015-11-19 09:00:00,9331
2015-11-19 10:00:00,9051
2015-11-19 11:00:00,8467
2015-11-19 12:00:00,8077
2015-11-19 13:00:00,8543
2015-11-19 14:00:00,8549
2015-11-19 15:00:00,7909
2015-11-19 16:00:00,8094
2015-11-19 17:00:00,7801
2015-11-19 18:00:00,8702
2015-11-19 19:00:00,7291
2015-11-19 20:00:00,8634
2015-11-19 21:00:00,8958
2015-11-19 22:00:00,6419
2015-11-19 23:00:00,9149
2015-11-20 00:00:00,7445
2015-11-20 01:00:00,8929
2015-11-20 02:00:00,7762
2015-11-20 03:00:00,8728
2015-11-20 04:00:00,6309
2015-11-20 05:00:00,8005
2015-11-20 06:00:00,8565
2015-11-20 07:00:00,9991
2015-11-20 08:00:00,8675
2015-11-20 09:00:00,8040
2015-11-20 10:00:00,15641
2015-11-20 11:00:00,29827
2015-11-20 12:00:00,25648
2015-11-20 13:00:00,21930
2015-11-20 14:00:00,15342
2015-11-20 15:00:00,11035
2015-11-20 16:00:00,7864
2015-11-20 17:00:00,19216
2015-11-20 18:00:00,29679
2015-11-20 19:00:00,24931
2015-11-20 20:00:00,22678
2015-11-20 21:00:00,20875
2015-11-20 22:00:00,8425
2015-11-20 23:00:00,8194
2015-11-21 00:00:00,8363
2015-11-21 01:00:00,7911
2015-11-21 02:00:00,7010
2015-11-21 03:00:00,7277
2015-11-21 04:00:00,6588
2015-11-21 05:00:00,6960
2015-11-21 06:00:00,7058.4
2015-12-27 16:00:00,9188
2015-12-27 17:00:00,19756
2015-12-27 18:00:00,30626
2015-12-27 19:00:00,29372
2015-12-27 20:00:00,21217
2015-12-27 21:00:00,11289
2015-12-27 22:00:00,9905
2015-12-27 23:00:00,9381
2015-12-28 00:00:00,8477
2015-12-28 01:00:00,8507
2015-12-28 02:00:00,8527
2015-12-28 03:00:00,8402
2015-12-28 04:00:00,7720
2015-12-28 05:00:00,8170
2015-12-28 06:00:00,9428
2015-12-28 07:00:00,7902
2015-12-28 08:00:00,7258
2015-12-28 09:00:00,7675
2015-12-28 10:00:00,7795
2015-12-28 11:00:00,31675
2015-12-28 12:00:00,28693
2015-12-28 13:00:00,27883
2015-12-28 14:00:00,17230
2015-12-28 15:00:00,8255
2015-12-28 16:00:00,8227
2015-12-28 17:00:00,19735
2015-12-28 18:00:00,31631
2015-12-28 19:00:00,31542
2015-12-28 20:00:00,25302
2015-12-28 21:00:00,14493
2015-12-28 22:00:00,8503
2015-12-28 23:00:00,9361
2015-12-29 00:00:00,9548
2015-12-29 01:00:00,7643
2015-12-29 02:00:00,8772
2015-12-29 03:00:00,7954
2015-12-29 04:00:00,7670
2015-12-29 05:00:00,7346
2015-12-29 06:00:00,8215
2015-12-29 07:00:00,8468
2015-12-29 08:00:00,8795
2015-12-29 09:00:00,7593
2015-12-29 10:00:00,14931
2015-12-29 11:00:00,30033
2015-12-29 12:00:00,24223
2015-12-29 13:00:00,26654
2015-12-29 14:00:00,22193
2015-12-29 15:00:00,16263
2015-12-29 16:00:00,10684
2015-12-29 17:00:00,19018
2015-12-29 18:00:00,30896
2015-12-29 19:00:00,27748
2015-12-29 20:00:00,26287
2015-12-29 21:00:00,19582
2015-12-29 22:00:00,11208
2015-12-29 23:00:00,9026
2015-12-30 01:00:00,8103.0508474576
2015-12-30 02:00:00,7874
2015-12-30 03:00:00,8005
2015-12-30 04:00:00,7914
2015-12-30 05:00:00,7459
2015-12-30 06:00:00,8523
2015-12-30 07:00:00,8624
2015-12-30 08:00:00,8311
2015-12-30 09:00:00,7649
2015-12-30 10:00:00,12073
2015-12-30 11:00:00,32238
2015-12-30 12:00:00,29438
2015-12-30 13:00:00,28257
2015-12-30 14:00:00,18574
2015-12-30 15:00:00,9013
2015-12-30 16:00:00,7959
2015-12-30 17:00:00,18534
2015-12-30 18:00:00,30245
2015-12-30 19:00:00,31544
2015-12-30 20:00:00,25467
2015-12-30 21:00:00,14562
2015-12-30 22:00:00,9289
2015-12-30 23:00:00,8763.5
2015-12-31 00:00:00,7206.5
2015-12-31 01:00:00,7453
2015-12-31 02:00:00,7942
2015-12-31 03:00:00,6816
2015-12-31 04:00:00,6365
2015-12-31 05:00:00,6501
2015-12-31 06:00:00,6627
2015-12-31 07:00:00,7170
2015-12-31 08:00:00,7625
2015-12-31 09:00:00,6750
2015-12-31 10:00:00,20169
2015-12-31 11:00:00,27335
2015-12-31 12:00:00,27707
2015-12-31 13:00:00,25038
2015-12-31 14:00:00,13096.0666666701
2015-12-31 15:00:00,10236.7012658194
2015-12-31 16:00:00,9683.2320675105
2015-12-31 17:00:00,19355
2015-12-31 18:00:00,28421
2015-12-31 19:00:00,23116
2015-12-31 20:00:00,31100
2015-12-31 21:00:00,27935
2015-12-31 22:00:00,21086
2015-12-31 23:00:00,12871
2016-01-01 00:00:00,10160
2016-01-01 01:00:00,8861
2016-01-01 02:00:00,8694
2016-01-01 03:00:00,7797
2016-01-01 04:00:00,7540
2016-01-01 05:00:00,7278
2016-01-01 06:00:00,8647
2016-01-01 07:00:00,8820.3219076023
2016-01-01 08:00:00,8072.8013800681
2016-01-01 09:00:00,7717.3501093313
2016-01-01 10:00:00,15553.4754666314
2016-01-01 11:00:00,30154.9063087776
2016-01-01 12:00:00,25981.1448275894
2016-01-01 13:00:00,24480
2016-01-01 14:00:00,18154
2016-01-01 15:00:00,10266
2016-01-01 16:00:00,7874
2016-01-01 17:00:00,19184
2016-01-01 18:00:00,29982
2016-01-01 19:00:00,31701
2016-01-01 20:00:00,27508
2016-01-01 21:00:00,17677
2016-01-01 22:00:00,8249
2016-01-01 23:00:00,8144
2016-01-02 00:00:00,7592
2016-01-02 01:00:00,9749
2016-01-02 02:00:00,7513
2016-01-02 03:00:00,7932
2016-01-02 04:00:00,7972
2016-01-02 05:00:00,6899
2016-01-02 06:00:00,7901
2016-01-02 07:00:00,7643
2016-01-02 08:00:00,8569
2016-01-02 09:00:00,8010
2016-01-02 10:00:00,16296
2016-01-02 11:00:00,29125
2016-01-02 12:00:00,24893
2016-01-02 13:00:00,22346
2016-01-02 14:00:00,24766
2016-01-02 15:00:00,14988
2016-01-02 16:00:00,9165
2016-01-02 17:00:00,18695
2016-01-02 18:00:00,31989
2016-01-02 19:00:00,29937
2016-01-02 20:00:00,27855
2016-01-02 21:00:00,20850
2016-01-02 22:00:00,9082
2016-01-02 23:00:00,9526
2016-01-03 00:00:00,9075
2016-01-03 01:00:00,9330
2016-01-03 02:00:00,7420
2016-01-03 03:00:00,7749
2016-01-03 04:00:00,7706
2016-01-03 05:00:00,8146
2016-01-03 06:00:00,8945
2016-01-03 07:00:00,7999
2016-01-03 08:00:00,7970
2016-01-03 09:00:00,8087
2016-01-03 10:00:00,13154
2016-01-03 11:00:00,30005
2016-01-03 12:00:00,22762
2016-01-03 13:00:00,20935
2016-01-03 14:00:00,19008
2016-01-03 15:00:00,11514
2016-01-03 16:00:00,8306
2016-01-03 17:00:00,18322
2016-01-03 18:00:00,27968
2016-01-03 19:00:00,29770
2016-01-03 20:00:00,21285
2016-01-03 21:00:00,12057
2016-01-03 22:00:00,10102
2016-01-03 23:00:00,9229
2016-01-04 00:00:00,8318
2016-01-04 01:00:00,7974
2016-01-04 02:00:00,7780
2016-01-04 03:00:00,8905
2016-01-04 04:00:00,9328
2016-01-04 05:00:00,9255
2016-01-04 06:00:00,8030
2016-01-04 07:00:00,8144
2016-01-04 08:00:00,6684
2016-01-04 09:00:00,7386
2016-01-04 10:00:00,14338
2016-01-04 11:00:00,29300
2016-01-04 12:00:00,23895
2016-01-04 13:00:00,26534
2016-01-04 14:00:00,17354
2016-01-04 15:00:00,11400
2016-01-04 16:00:00,7894
2016-01-04 17:00:00,18059
2016-01-04 18:00:00,28570
2016-01-04 19:00:00,22954
2016-01-04 20:00:00,24448
2016-01-04 21:00:00,14655
2016-01-04 22:00:00,9671
2016-01-04 23:00:00,8876
2016-01-05 00:00:00,7860
2016-01-05 01:00:00,7770
2016-01-05 02:00:00,7767
2016-01-05 03:00:00,7589
2016-01-05 04:00:00,8739
2016-01-05 05:00:00,8594
2016-01-05 06:00:00,7370
2016-01-05 07:00:00,7994
2016-01-05 08:00:00,7298
2016-01-05 09:00:00,8673
2016-01-05 10:00:00,18188
2016-01-05 11:00:00,28715
2016-01-05 12:00:00,23330
2016-01-05 13:00:00,21911
2016-01-05 14:00:00,12653
2016-01-05 15:00:00,10179
2016-01-05 16:00:00,8068
2016-01-05 17:00:00,19295
2016-01-05 18:00:00,28292
2016-01-05 19:00:00,25011
2016-01-05 20:00:00,22717
2016-01-05 21:00:00,16086
2016-01-05 22:00:00,8031
2016-01-05 23:00:00,9133
2016-01-06 01:00:00,7511.186440678
2016-01-06 02:00:00,7465
2016-01-06 03:00:00,7651
2016-01-06 04:00:00,7348
2016-01-06 05:00:00,6629
2016-01-06 06:00:00,9144
2016-01-06 07:00:00,7184
2016-01-06 08:00:00,8474
2016-01-06 09:00:00,7559
2016-01-06 10:00:00,12615
2016-01-06 11:00:00,31803
2016-01-06 12:00:00,27686
2016-01-06 13:00:00,18816
2016-01-06 14:00:00,11562
2016-01-06 15:00:00,8746
2016-01-06 16:00:00,7666
2016-01-06 17:00:00,18151
2016-01-06 18:00:00,27210
2016-01-06 19:00:00,23498
2016-01-06 20:00:00,24106
2016-01-06 21:00:00,19481
2016-01-06 22:00:00,10369
2016-01-06 23:00:00,8615
2016-01-07 00:00:00,8339
2016-01-07 01:00:00,9581
2016-01-07 02:00:00,7859
2016-01-07 03:00:00,8577
2016-01-07 04:00:00,7556
2016-01-07 05:00:00,8652
2016-01-07 06:00:00,8225
2016-01-07 07:00:00,7752
2016-01-07 08:00:00,8076
2016-01-07 09:00:00,7375
2016-01-07 10:00:00,7477
2016-01-07 11:00:00,7760
2016-01-07 12:00:00,8034
2016-01-07 13:00:00,6658
2016-01-07 14:00:00,8411
2016-01-07 15:00:00,7546
2016-01-07 16:00:00,7707
2016-01-07 17:00:00,7985
2016-01-07 18:00:00,7875
2016-01-07 19:00:00,7198
2016-01-07 20:00:00,7198
2016-01-07 21:00:00,7826
2016-01-07 22:00:00,7172
2016-01-07 23:00:00,7102
2016-01-08 00:00:00,7206
2016-01-08 01:00:00,7369.5
2016-01-08 02:00:00,6748.5
2016-01-08 03:00:00,7678
2016-01-08 04:00:00,6869
2016-01-08 05:00:00,8019
2016-01-08 06:00:00,7165
2016-01-08 07:00:00,6842
2016-01-08 08:00:00,7193
2016-01-08 09:00:00,7267
2016-01-08 10:00:00,14398
2016-01-08 11:00:00,28688
2016-01-08 12:00:00,24109
2016-01-08 13:00:00,20887
2016-01-08 14:00:00,12704
2016-01-08 15:00:00,9686
2016-01-08 16:00:00,9397
2016-01-08 17:00:00,18600
2016-01-08 18:00:00,26370
2016-01-08 19:00:00,23259
2016-01-08 20:00:00,24256
2016-01-08 21:00:00,17852
2016-01-08 22:00:00,9612
2016-01-08 23:00:00,8110
2016-01-09 00:00:00,8572
2016-01-09 01:00:00,7910
2016-01-09 02:00:00,7927
2016-01-09 03:00:00,8033
2016-01-09 04:00:00,6900
2016-01-09 05:00:00,8135
2016-01-09 06:00:00,8159
2016-01-09 07:00:00,7049
2016-01-09 08:00:00,8264
2016-01-09 09:00:00,6874
2016-01-09 10:00:00,15722
2016-01-09 11:00:00,29339
2016-01-09 12:00:00,23848
2016-01-09 13:00:00,22072
2016-01-09 14:00:00,12730
2016-01-09 15:00:00,7678
2016-01-09 16:00:00,7416
2016-01-09 17:00:00,18392
2016-01-09 18:00:00,28147
2016-01-09 19:00:00,29894
2016-01-09 20:00:00,26156
2016-01-09 21:00:00,24408
2016-01-09 22:00:00,12752
2016-01-09 23:00:00,7803
2016-01-10 00:00:00,8733
2016-01-10 01:00:00,7486
2016-01-10 02:00:00,8136
2016-01-10 03:00:00,7880
2016-01-10 04:00:00,7591
2016-01-10 05:00:00,7012
2016-01-10 06:00:00,8018
2016-01-10 07:00:00,7122
2016-01-10 08:00:00,8029
2016-01-10 09:00:00,6610
2016-01-10 10:00:00,13032
2016-01-10 11:00:00,29489
2016-01-10 12:00:00,25982
2016-01-10 13:00:00,24369
2016-01-10 14:00:00,21296
2016-01-10 15:00:00,10084
2016-01-10 16:00:00,9003
2016-01-10 17:00:00,18981
2016-01-10 18:00:00,31054
2016-01-10 19:00:00,26897
2016-01-10 20:00:00,24242
2016-01-10 21:00:00,12899
2016-01-10 22:00:00,7929
2016-01-10 23:00:00,6899
2016-01-11 00:00:00,7753
2016-01-11 01:00:00,8642
2016-01-11 02:00:00,7212
2016-01-11 03:00:00,7164
2016-01-11 04:00:00,6702
2016-01-11 05:00:00,8217
2016-01-11 06:00:00,7733
2016-01-11 07:00:00,7565
2016-01-11 08:00:00,7214
2016-01-11 09:00:00,12707
2016-01-11 10:00:00,28942
2016-01-11 11:00:00,25006
2016-01-11 12:00:00,20391
2016-01-11 13:00:00,19485
2016-01-11 14:00:00,12187
2016-01-11 15:00:00,8898
2016-01-11 16:00:00,8111
2016-01-11 17:00:00,16560
2016-01-11 18:00:00,27855
2016-01-11 19:00:00,23446
2016-01-11 20:00:00,26475
2016-01-11 21:00:00,19709
2016-01-11 22:00:00,9375
2016-01-11 23:00:00,7918
2016-01-12 00:00:00,8025
2016-01-12 01:00:00,8880
2016-01-12 02:00:00,7850
2016-01-12 03:00:00,6887
2016-01-12 04:00:00,7857
2016-01-12 05:00:00,7235
2016-01-12 06:00:00,7017
2016-01-12 07:00:00,8044
2016-01-12 08:00:00,7869
2016-01-12 09:00:00,6980
2016-01-12 10:00:00,13958
2016-01-12 11:00:00,30276
2016-01-12 12:00:00,21250
2016-01-12 13:00:00,20599
2016-01-12 14:00:00,11558
2016-01-12 15:00:00,8395
2016-01-12 16:00:00,7510
2016-01-12 17:00:00,17790
2016-01-12 18:00:00,30166
2016-01-12 19:00:00,23042
2016-01-12 20:00:00,23840
2016-01-12 21:00:00,14862
2016-01-12 22:00:00,7797
2016-01-12 23:00:00,7519
2016-01-13 01:00:00,7893.5593220339
2016-01-13 02:00:00,8402
2016-01-13 03:00:00,7907
2016-01-13 04:00:00,6599
2016-01-13 05:00:00,6586
2016-01-13 06:00:00,7682
2016-01-13 07:00:00,6884
2016-01-13 08:00:00,9147
2016-01-13 09:00:00,6726
2016-01-13 10:00:00,11150
2016-01-13 11:00:00,28635
2016-01-13 12:00:00,24269
2016-01-13 13:00:00,20163
2016-01-13 14:00:00,13226
2016-01-13 15:00:00,9393
2016-01-13 16:00:00,7571
2016-01-13 17:00:00,15899
2016-01-13 18:00:00,29158
2016-01-13 19:00:00,28847
2016-01-13 20:00:00,23318
2016-01-13 21:00:00,14221
2016-01-13 22:00:00,7813
2016-01-13 23:00:00,6911
2016-01-14 00:00:00,7513
2016-01-14 01:00:00,7286
2016-01-14 02:00:00,7640
2016-01-14 03:00:00,6738
2016-01-14 04:00:00,6567
2016-01-14 05:00:00,6453
2016-01-14 06:00:00,7052
2016-01-14 07:00:00,6731
2016-01-14 08:00:00,6765
2016-01-14 09:00:00,7720
2016-01-14 10:00:00,7645
2016-01-14 11:00:00,7690
2016-01-14 12:00:00,7326
2016-01-14 13:00:00,7384
2016-01-14 14:00:00,6785
2016-01-14 15:00:00,7333
2016-01-14 16:00:00,6187
2016-01-14 17:00:00,6762
2016-01-14 18:00:00,6250
2016-01-14 19:00:00,6475
2016-01-14 20:00:00,6522
2016-01-14 21:00:00,6245
2016-01-14 22:00:00,6722
2016-01-14 23:00:00,6962
2016-01-15 00:00:00,6482
2016-01-15 01:00:00,6232
2016-01-15 02:00:00,6462
2016-01-15 03:00:00,6597
2016-01-15 04:00:00,6502
2016-01-15 05:00:00,6391
2016-01-15 06:00:00,6232
2016-01-15 07:00:00,6716
2016-01-15 08:00:00,6520
2016-01-15 09:00:00,6014
2016-01-15 10:00:00,14090
2016-01-15 11:00:00,30701
2016-01-15 12:00:00,22955
2016-01-15 13:00:00,21633
2016-01-15 14:00:00,10018
2016-01-15 15:00:00,7841
2016-01-15 16:00:00,7203
2016-01-15 17:00:00,17788
2016-01-15 18:00:00,27007
2016-01-15 19:00:00,26092
2016-01-15 20:00:00,21887
2016-01-15 21:00:00,21217
2016-01-15 22:00:00,9325
2016-01-15 23:00:00,6727
2016-01-16 00:00:00,6534
2016-01-16 01:00:00,6681
2016-01-16 02:00:00,7137
2016-01-16 03:00:00,6199
2016-01-16 04:00:00,6645
2016-01-16 05:00:00,6393
2016-01-16 06:00:00,6645
2016-01-16 07:00:00,6585
2016-01-16 08:00:00,7197
2016-01-16 09:00:00,6462
2016-01-16 10:00:00,11316
2016-01-16 11:00:00,27925
2016-01-16 12:00:00,25604
2016-01-16 13:00:00,22157
2016-01-16 14:00:00,10684
2016-01-16 15:00:00,8220
2016-01-16 16:00:00,7363
2016-01-16 17:00:00,17740
2016-01-16 18:00:00,32582
2016-01-16 19:00:00,33100
2016-01-16 20:00:00,26559
2016-01-16 21:00:00,23717
2016-01-16 22:00:00,11742
2016-01-16 23:00:00,6686
2016-01-17 00:00:00,7064
2016-01-17 01:00:00,6899
2016-01-17 02:00:00,7111
2016-01-17 03:00:00,7211
2016-01-17 04:00:00,6653
2016-01-17 05:00:00,6461
2016-01-17 06:00:00,7142
2016-01-17 07:00:00,6888
2016-01-17 08:00:00,6849
2016-01-17 09:00:00,6586
2016-01-17 10:00:00,7849
2016-01-17 11:00:00,30819
2016-01-17 12:00:00,25989
2016-01-17 13:00:00,20619
2016-01-17 14:00:00,13347
2016-01-17 15:00:00,7652
2016-01-17 16:00:00,7510
2016-01-17 17:00:00,17827
2016-01-17 18:00:00,28143
2016-01-17 19:00:00,24544
2016-01-17 20:00:00,25390
2016-01-17 21:00:00,15512
2016-01-17 22:00:00,7009
2016-01-17 23:00:00,6538
2016-01-18 00:00:00,7004
2016-01-18 01:00:00,6516
2016-01-18 02:00:00,6720
2016-01-18 03:00:00,6189
2016-01-18 04:00:00,6097
2016-01-18 05:00:00,7320
2016-01-18 06:00:00,6127
2016-01-18 07:00:00,6102
2016-01-18 08:00:00,6062
2016-01-18 09:00:00,5983
2016-01-18 10:00:00,14241
2016-01-18 11:00:00,29097
2016-01-18 12:00:00,21700
2016-01-18 13:00:00,19498
2016-01-18 14:00:00,10787
2016-01-18 15:00:00,7340
2016-01-18 16:00:00,6802
2016-01-18 17:00:00,17342
2016-01-18 18:00:00,30194
2016-01-18 19:00:00,30512
2016-01-18 20:00:00,23472
2016-01-18 21:00:00,11737
2016-01-18 22:00:00,6693
2016-01-18 23:00:00,6193
2016-01-19 00:00:00,7036
2016-01-19 01:00:00,6491
2016-01-19 02:00:00,6649
2016-01-19 03:00:00,6370
2016-01-19 04:00:00,5628
2016-01-19 05:00:00,5822
2016-01-19 06:00:00,7220
2016-01-19 07:00:00,6217
2016-01-19 08:00:00,6036
2016-01-19 09:00:00,5767
2016-01-19 10:00:00,13438
2016-01-19 11:00:00,33738
2016-01-19 12:00:00,25065
2016-01-19 13:00:00,17833
2016-01-19 14:00:00,9574
2016-01-19 15:00:00,6523
2016-01-19 16:00:00,6165
2016-01-19 17:00:00,19458
2016-01-19 18:00:00,29878
2016-01-19 19:00:00,25305
2016-01-19 20:00:00,21361
2016-01-19 21:00:00,12657
2016-01-19 22:00:00,6170.5
2016-01-19 23:00:00,6647.5
2016-01-20 01:00:00,6261.3559322034
2016-01-20 02:00:00,6375
2016-01-20 03:00:00,6182
2016-01-20 04:00:00,6035
2016-01-20 05:00:00,6972
2016-01-20 06:00:00,5965
2016-01-20 07:00:00,6603
2016-01-20 08:00:00,6181
2016-01-20 09:00:00,5450
2016-01-20 10:00:00,16852
2016-01-20 11:00:00,34113
2016-01-20 12:00:00,29370
2016-01-20 13:00:00,22249
2016-01-20 14:00:00,9913
2016-01-20 15:00:00,6856
2016-01-20 16:00:00,6920
2016-01-20 17:00:00,17125
2016-01-20 18:00:00,33178
2016-01-20 19:00:00,29187
2016-01-20 20:00:00,24590
2016-01-20 21:00:00,15170
2016-01-20 22:00:00,6827
2016-01-20 23:00:00,6683
2016-01-21 00:00:00,7347
2016-01-21 01:00:00,7263
2016-01-21 02:00:00,6667
2016-01-21 03:00:00,6363
2016-01-21 04:00:00,5627
2016-01-21 05:00:00,6295
2016-01-21 06:00:00,6304
2016-01-21 07:00:00,6218
2016-01-21 08:00:00,6151
2016-01-21 09:00:00,6494
2016-01-21 10:00:00,6007
2016-01-21 11:00:00,6411
2016-01-21 12:00:00,6024
2016-01-21 13:00:00,5927
2016-01-21 14:00:00,5770
2016-01-21 15:00:00,6464
2016-01-21 16:00:00,5825
2016-01-21 17:00:00,6625
2016-01-21 18:00:00,6663
2016-01-21 19:00:00,5705
2016-01-21 20:00:00,5894
2016-01-21 21:00:00,5507
2016-01-21 22:00:00,5440
2016-01-21 23:00:00,6189
2016-01-22 00:00:00,5919
2016-01-22 01:00:00,5913
2016-01-22 02:00:00,6208
2016-01-22 03:00:00,6116
2016-01-22 04:00:00,5321
2016-01-22 05:00:00,6284
2016-01-22 06:00:00,5736
2016-01-22 07:00:00,6492
2016-01-22 08:00:00,5603
2016-01-22 09:00:00,5787
2016-01-22 10:00:00,13466
2016-01-22 11:00:00,33145
2016-01-22 12:00:00,28595
2016-01-22 13:00:00,20551
2016-01-22 14:00:00,12401
2016-01-22 15:00:00,6881
2016-01-22 16:00:00,6294
2016-01-22 17:00:00,16840
2016-01-22 18:00:00,30274
2016-01-22 19:00:00,27775
2016-01-22 20:00:00,24743
2016-01-22 21:00:00,18214
2016-01-22 22:00:00,7072
2016-01-22 23:00:00,7378
2016-01-23 00:00:00,7629
2016-01-23 01:00:00,7876
2016-01-23 02:00:00,6761
2016-01-23 03:00:00,6861
2016-01-23 04:00:00,6837
2016-01-23 05:00:00,6593
2016-01-23 06:00:00,6801
2016-01-23 07:00:00,7407
2016-01-23 08:00:00,7261
2016-01-23 09:00:00,6630
2016-01-23 10:00:00,14108
2016-01-23 11:00:00,30118
2016-01-23 12:00:00,28827
2016-01-23 13:00:00,25470
2016-01-23 14:00:00,11961
2016-01-23 15:00:00,7783
2016-01-23 16:00:00,7597
2016-01-23 17:00:00,20001
2016-01-23 18:00:00,32175
2016-01-23 19:00:00,29745
2016-01-23 20:00:00,28775
2016-01-23 21:00:00,27897
2016-01-23 22:00:00,14644
2016-01-23 23:00:00,7252
2016-01-24 00:00:00,7499
2016-01-24 01:00:00,7141
2016-01-24 02:00:00,6795
2016-01-24 03:00:00,6929
2016-01-24 04:00:00,5964
2016-01-24 05:00:00,6283
2016-01-24 06:00:00,6676
2016-01-24 07:00:00,6993
2016-01-24 08:00:00,7128
2016-01-24 09:00:00,6519
2016-01-24 10:00:00,11635
2016-01-24 11:00:00,31358
2016-01-24 12:00:00,27109.7109375
2016-01-24 13:00:00,23310.2890625
2016-01-24 14:00:00,13282
2016-01-24 15:00:00,7816
2016-01-24 16:00:00,8487
2016-01-24 17:00:00,18925
2016-01-24 18:00:00,29344
2016-01-24 19:00:00,26620
2016-01-24 20:00:00,26781
2016-01-24 21:00:00,20715
2016-01-24 22:00:00,10074
2016-01-24 23:00:00,8963
2016-01-25 00:00:00,8731
2016-01-25 01:00:00,8495
2016-01-25 02:00:00,8156
2016-01-25 03:00:00,7463
2016-01-25 04:00:00,7300
2016-01-25 05:00:00,7845
2016-01-25 06:00:00,8550
2016-01-25 07:00:00,7565
2016-01-25 08:00:00,8140
2016-01-25 09:00:00,7125
2016-01-25 10:00:00,10750
2016-01-25 11:00:00,30841
2016-01-25 12:00:00,25143
2016-01-25 13:00:00,21816
2016-01-25 14:00:00,12558
2016-01-25 15:00:00,9292
2016-01-25 16:00:00,9581
2016-01-25 17:00:00,18215
2016-01-25 18:00:00,27771
2016-01-25 19:00:00,27533
2016-01-25 20:00:00,24170
2016-01-25 21:00:00,24610
2016-01-25 22:00:00,14598
2016-01-25 23:00:00,10267
2016-01-26 00:00:00,10109
2016-01-26 01:00:00,8418
2016-01-26 02:00:00,9476
2016-01-26 03:00:00,8270
2016-01-26 04:00:00,8177
2016-01-26 05:00:00,8001
2016-01-26 06:00:00,8496
2016-01-26 07:00:00,9344
2016-01-26 08:00:00,7817
2016-01-26 09:00:00,8548
2016-01-26 10:00:00,16194
2016-01-26 11:00:00,31620
2016-01-26 12:00:00,20741
2016-01-26 13:00:00,20192
2016-01-26 14:00:00,11527
2016-01-26 15:00:00,7938
2016-01-26 16:00:00,8004
2016-01-26 17:00:00,17990
2016-01-26 18:00:00,29975
2016-01-26 19:00:00,24852
2016-01-26 20:00:00,23941
2016-01-26 21:00:00,17741
2016-01-26 22:00:00,8636
2016-01-26 23:00:00,9358
2016-01-27 01:00:00,8229.1525423729
2016-01-27 02:00:00,8096
2016-01-27 03:00:00,8596
2016-01-27 04:00:00,8381
2016-01-27 05:00:00,7655
2016-01-27 06:00:00,8578
2016-01-27 07:00:00,8942
2016-01-27 08:00:00,8395
2016-01-27 09:00:00,7282
2016-01-27 10:00:00,14642
2016-01-27 11:00:00,31757
2016-01-27 12:00:00,24553
2016-01-27 13:00:00,20141
2016-01-27 14:00:00,12259
2016-01-27 15:00:00,10121
2016-01-27 16:00:00,8635
2016-01-27 17:00:00,19086
2016-01-27 18:00:00,29524
2016-01-27 19:00:00,26302
2016-01-27 20:00:00,25664
2016-01-27 21:00:00,19910
2016-01-27 22:00:00,9373
2016-01-27 23:00:00,10357
2016-01-28 00:00:00,8827
2016-01-28 01:00:00,9807
2016-01-28 02:00:00,8465
2016-01-28 03:00:00,9235
2016-01-28 04:00:00,8122
2016-01-28 05:00:00,8411
2016-01-28 06:00:00,8404
2016-01-28 07:00:00,8003
2016-01-28 08:00:00,8437
2016-01-28 09:00:00,7100
2016-01-28 10:00:00,7259
2016-01-28 11:00:00,8317
2016-01-28 12:00:00,8092
2016-01-28 13:00:00,7714
2016-01-28 14:00:00,8096
2016-01-28 15:00:00,7330
2016-01-28 16:00:00,7615
2016-01-28 17:00:00,7509
2016-01-28 18:00:00,7893.5
2016-01-28 19:00:00,7184.5
2016-01-28 20:00:00,7690
2016-01-28 21:00:00,6854
2016-01-28 22:00:00,7595
2016-01-28 23:00:00,7023
2016-01-29 00:00:00,7824
2016-01-29 01:00:00,6781
2016-01-29 02:00:00,7313
2016-01-29 03:00:00,6659
2016-01-29 04:00:00,7605
2016-01-29 05:00:00,7123
2016-01-29 06:00:00,7880
2016-01-29 07:00:00,8095
2016-01-29 08:00:00,7520
2016-01-29 09:00:00,7367
2016-01-29 10:00:00,21849
2016-01-29 11:00:00,31688
2016-01-29 12:00:00,19808
2016-01-29 13:00:00,20571
2016-01-29 14:00:00,14569
2016-01-29 15:00:00,8168
2016-01-29 16:00:00,7633
2016-01-29 17:00:00,18084
2016-01-29 18:00:00,26897
2016-01-29 19:00:00,26059
2016-01-29 20:00:00,27175
2016-01-29 21:00:00,22669
2016-01-29 22:00:00,10514
2016-01-29 23:00:00,10202
2016-01-30 00:00:00,8508
2016-01-30 01:00:00,9192
2016-01-30 02:00:00,8286
2016-01-30 03:00:00,7803
2016-01-30 04:00:00,7949
2016-01-30 05:00:00,7872
2016-01-30 06:00:00,8035
2016-01-30 07:00:00,8457
2016-01-30 08:00:00,7605
2016-01-30 09:00:00,7361
2016-01-30 10:00:00,14108
2016-01-30 11:00:00,29251
2016-01-30 12:00:00,25086
2016-01-30 13:00:00,23901
2016-01-30 14:00:00,14320
2016-01-30 15:00:00,9288
2016-01-30 16:00:00,7558
2016-01-30 17:00:00,16168
2016-01-30 18:00:00,31682
2016-01-30 19:00:00,31857
2016-01-30 20:00:00,27083
2016-01-30 21:00:00,25569
2016-01-30 22:00:00,9090
2016-01-30 23:00:00,8699
2016-01-31 00:00:00,7829
2016-01-31 01:00:00,8423
2016-01-31 02:00:00,7723
2016-01-31 03:00:00,7396
2016-01-31 04:00:00,7198
2016-01-31 05:00:00,7274
2016-01-31 06:00:00,8155
2016-01-31 07:00:00,7801
2016-01-31 08:00:00,8779
2016-01-31 09:00:00,7321
2016-01-31 10:00:00,15384
2016-01-31 11:00:00,28870
2016-01-31 12:00:00,23659
2016-01-31 13:00:00,19708
2016-01-31 14:00:00,14463
2016-01-31 15:00:00,8824
2016-01-31 16:00:00,7424
2016-01-31 17:00:00,17515
2016-01-31 18:00:00,29268
2016-01-31 19:00:00,26834
2016-01-31 20:00:00,22720
2016-01-31 21:00:00,12067
2016-01-31 22:00:00,10335
2016-01-31 23:00:00,8269
2016-02-01 00:00:00,9167
2016-02-01 01:00:00,8176
2016-02-01 02:00:00,8622
2016-02-01 03:00:00,7095
2016-02-01 04:00:00,8213
2016-02-01 05:00:00,9578
2016-02-01 06:00:00,8786
2016-02-01 07:00:00,8258
2016-02-01 08:00:00,7962
2016-02-01 09:00:00,7724
2016-02-01 10:00:00,16646
2016-02-01 11:00:00,27599
2016-02-01 12:00:00,21601
2016-02-01 13:00:00,19259
2016-02-01 14:00:00,11653
2016-02-01 15:00:00,7633
2016-02-01 16:00:00,7852
2016-02-01 17:00:00,16939
2016-02-01 18:00:00,29306
2016-02-01 19:00:00,23742
2016-02-01 20:00:00,23911
2016-02-01 21:00:00,17220
2016-02-01 22:00:00,9551
2016-02-01 23:00:00,8711
2016-02-02 00:00:00,8583
2016-02-02 01:00:00,9293
2016-02-02 02:00:00,8799
2016-02-02 03:00:00,8044
2016-02-02 04:00:00,7850
2016-02-02 05:00:00,7536
2016-02-02 06:00:00,7777
2016-02-02 07:00:00,9782
2016-02-02 08:00:00,8097
2016-02-02 09:00:00,7559
2016-02-02 10:00:00,16424
2016-02-02 11:00:00,30838
2016-02-02 12:00:00,20296
2016-02-02 13:00:00,21506
2016-02-02 14:00:00,12788
2016-02-02 15:00:00,8744
2016-02-02 16:00:00,8238
2016-02-02 17:00:00,16854
2016-02-02 18:00:00,30356
2016-02-02 19:00:00,25693
2016-02-02 20:00:00,23352
2016-02-02 21:00:00,15416
2016-02-02 22:00:00,9120
2016-02-02 23:00:00,8188
2016-02-03 01:00:00,8349.1525423729
2016-02-03 02:00:00,8045
2016-02-03 03:00:00,7346
2016-02-03 04:00:00,7503
2016-02-03 05:00:00,7009
2016-02-03 06:00:00,8316
2016-02-03 07:00:00,7949
2016-02-03 08:00:00,8108
2016-02-03 09:00:00,7313
2016-02-03 10:00:00,11982
2016-02-03 11:00:00,27922
2016-02-03 12:00:00,22250
2016-02-03 13:00:00,20136
2016-02-03 14:00:00,11671
2016-02-03 15:00:00,6997
2016-02-03 16:00:00,6984
2016-02-03 17:00:00,14553
2016-02-03 18:00:00,30797
2016-02-03 19:00:00,26678
2016-02-03 20:00:00,24411
2016-02-03 21:00:00,13476
2016-02-03 22:00:00,8100
2016-02-03 23:00:00,7303
2016-02-04 00:00:00,8326
2016-02-04 01:00:00,7320
2016-02-04 02:00:00,7772
2016-02-04 03:00:00,6581
2016-02-04 04:00:00,7741
2016-02-04 05:00:00,6299
2016-02-04 06:00:00,7769
2016-02-04 07:00:00,6734
2016-02-04 08:00:00,7446
2016-02-04 09:00:00,6801
2016-02-04 10:00:00,6871
2016-02-04 11:00:00,6677
2016-02-04 12:00:00,6764.5
2016-02-04 13:00:00,6771.5
2016-02-04 14:00:00,6896
2016-02-04 15:00:00,7503
2016-02-04 16:00:00,7265
2016-02-04 17:00:00,7517
2016-02-04 18:00:00,6781
2016-02-04 19:00:00,7163
2016-02-04 20:00:00,6115
2016-02-04 21:00:00,6972
2016-02-04 22:00:00,6408
2016-02-04 23:00:00,7381
2016-02-05 00:00:00,7101
2016-02-05 01:00:00,7297
2016-02-05 02:00:00,7017
2016-02-05 03:00:00,7317.5
2016-02-05 04:00:00,6998.5
2016-02-05 05:00:00,6965
2016-02-05 06:00:00,7455
2016-02-05 07:00:00,8184
2016-02-05 08:00:00,6975
2016-02-05 09:00:00,6770
2016-02-05 10:00:00,15385
2016-02-05 11:00:00,28676
2016-02-05 12:00:00,22261
2016-02-05 13:00:00,20984
2016-02-05 14:00:00,16529
2016-02-05 15:00:00,9520
2016-02-05 16:00:00,8499
2016-02-05 17:00:00,17001
2016-02-05 18:00:00,23073
2016-02-05 19:00:00,23734
2016-02-05 20:00:00,22538
2016-02-05 21:00:00,16177
2016-02-05 22:00:00,9302
2016-02-05 23:00:00,8107
2016-02-06 00:00:00,8742
2016-02-06 01:00:00,8604
2016-02-06 02:00:00,9005
2016-02-06 03:00:00,7527
2016-02-06 04:00:00,7583
2016-02-06 05:00:00,6494
2016-02-06 06:00:00,8010
2016-02-06 07:00:00,8431
2016-02-06 08:00:00,7607
2016-02-06 09:00:00,7121
2016-02-06 10:00:00,12025
2016-02-06 11:00:00,23531
2016-02-06 12:00:00,24087
2016-02-06 13:00:00,21300
2016-02-06 14:00:00,15069
2016-02-06 15:00:00,10963
2016-02-06 16:00:00,8236
2016-02-06 17:00:00,19463
2016-02-06 18:00:00,29702
2016-02-06 19:00:00,29702
2016-02-06 20:00:00,27860
2016-02-06 21:00:00,22996
2016-02-06 22:00:00,10978
2016-02-06 23:00:00,8098
2016-02-07 00:00:00,7941
2016-02-07 01:00:00,7349
2016-02-07 02:00:00,8143
2016-02-07 03:00:00,7371
2016-02-07 04:00:00,7371
2016-02-07 05:00:00,7921
2016-02-07 06:00:00,8056
2016-02-07 07:00:00,7997
2016-02-07 08:00:00,7137
2016-02-07 09:00:00,6801
2016-02-07 10:00:00,13715
2016-02-07 11:00:00,31215
2016-02-07 12:00:00,23160
2016-02-07 13:00:00,21715
2016-02-07 14:00:00,16454
2016-02-07 15:00:00,10297
2016-02-07 16:00:00,8648
2016-02-07 17:00:00,22223
2016-02-07 18:00:00,28050
2016-02-07 19:00:00,28900
2016-02-07 20:00:00,26238
2016-02-07 21:00:00,15144
2016-02-07 22:00:00,6882
2016-02-07 23:00:00,9308
2016-02-08 00:00:00,8147
2016-02-08 01:00:00,7767
2016-02-08 02:00:00,8226
2016-02-08 03:00:00,9009
2016-02-08 04:00:00,6545
2016-02-08 05:00:00,8833
2016-02-08 06:00:00,8262
2016-02-08 07:00:00,7583
2016-02-08 08:00:00,7361
2016-02-08 09:00:00,7173
2016-02-08 10:00:00,14368
2016-02-08 11:00:00,30330
2016-02-08 12:00:00,18338
2016-02-08 13:00:00,18301
2016-02-08 14:00:00,9593
2016-02-08 15:00:00,8859
2016-02-08 16:00:00,7898
2016-02-08 17:00:00,19384
2016-02-08 18:00:00,25717
2016-02-08 19:00:00,24788
2016-02-08 20:00:00,25053
2016-02-08 21:00:00,17124
2016-02-08 22:00:00,8688
2016-02-08 23:00:00,9048
2016-02-09 00:00:00,8142
2016-02-09 01:00:00,8313
2016-02-09 02:00:00,7562
2016-02-09 03:00:00,7833
2016-02-09 04:00:00,6412
2016-02-09 05:00:00,7120
2016-02-09 06:00:00,7571
2016-02-09 07:00:00,8318
2016-02-09 08:00:00,7364
2016-02-09 09:00:00,7006
2016-02-09 10:00:00,16716
2016-02-09 11:00:00,30207
2016-02-09 12:00:00,21920
2016-02-09 13:00:00,19873
2016-02-09 14:00:00,12113
2016-02-09 15:00:00,8119
2016-02-09 16:00:00,7430
2016-02-09 17:00:00,18964
2016-02-09 18:00:00,24814
2016-02-09 19:00:00,22868
2016-02-09 20:00:00,22559
2016-02-09 21:00:00,18674
2016-02-09 22:00:00,9250
2016-02-09 23:00:00,8923
2016-02-10 01:00:00,7510.1694915254
2016-02-10 02:00:00,7577
2016-02-10 03:00:00,7387
2016-02-10 04:00:00,6265
2016-02-10 05:00:00,7031
2016-02-10 06:00:00,7979
2016-02-10 07:00:00,8337
2016-02-10 08:00:00,6853
2016-02-10 09:00:00,7261
2016-02-10 10:00:00,15032
2016-02-10 11:00:00,30009
2016-02-10 12:00:00,21386
2016-02-10 13:00:00,21778
2016-02-10 14:00:00,14055
2016-02-10 15:00:00,10092
2016-02-10 16:00:00,7341
2016-02-10 17:00:00,20024
2016-02-10 18:00:00,27383
2016-02-10 19:00:00,28947
2016-02-10 20:00:00,25083
2016-02-10 21:00:00,16159
2016-02-10 22:00:00,8960
2016-02-10 23:00:00,8484
2016-02-11 00:00:00,8125
2016-02-11 01:00:00,7874
2016-02-11 02:00:00,8067
2016-02-11 03:00:00,8364
2016-02-11 04:00:00,7283
2016-02-11 05:00:00,6876
2016-02-11 06:00:00,7851
2016-02-11 07:00:00,6733
2016-02-11 08:00:00,7147
2016-02-11 09:00:00,7104
2016-02-11 10:00:00,7137
2016-02-11 11:00:00,8266
2016-02-11 12:00:00,8908
2016-02-11 13:00:00,7709
2016-02-11 14:00:00,8409
2016-02-11 15:00:00,6501
2016-02-11 16:00:00,7977
2016-02-11 17:00:00,6413
2016-02-11 18:00:00,6911
2016-02-11 19:00:00,7143
2016-02-11 20:00:00,7417
2016-02-11 21:00:00,6610
2016-02-11 22:00:00,7424
2016-02-11 23:00:00,8096
2016-02-12 00:00:00,7111
2016-02-12 01:00:00,7009
2016-02-12 02:00:00,6874
2016-02-12 03:00:00,6185
2016-02-12 04:00:00,6641
2016-02-12 05:00:00,6797
2016-02-12 06:00:00,7155
2016-02-12 07:00:00,7292
2016-02-12 08:00:00,7882
2016-02-12 09:00:00,6534
2016-02-12 10:00:00,15749
2016-02-12 11:00:00,30387
2016-02-12 12:00:00,26716
2016-02-12 13:00:00,27268
2016-02-12 14:00:00,15715
2016-02-12 15:00:00,8475
2016-02-12 16:00:00,8120
2016-02-12 17:00:00,20120
2016-02-12 18:00:00,29420
2016-02-12 19:00:00,26737
2016-02-12 20:00:00,24213
2016-02-12 21:00:00,17624
2016-02-12 22:00:00,7544
2016-02-12 23:00:00,6764
2016-02-13 00:00:00,7065
2016-02-13 01:00:00,6675
2016-02-13 02:00:00,6980
2016-02-13 03:00:00,6369
2016-02-13 04:00:00,7148
2016-02-13 05:00:00,6745
2016-02-13 06:00:00,7142
2016-02-13 07:00:00,7334
2016-02-13 08:00:00,6578
2016-02-13 09:00:00,6494
2016-02-13 10:00:00,14540
2016-02-13 11:00:00,29263
2016-02-13 12:00:00,20235
2016-02-13 13:00:00,22258
2016-02-13 14:00:00,12160
2016-02-13 15:00:00,9388
2016-02-13 16:00:00,7802
2016-02-13 17:00:00,20333
2016-02-13 18:00:00,26655
2016-02-13 19:00:00,33459
2016-02-13 20:00:00,24780
2016-02-13 21:00:00,32508
2016-02-13 22:00:00,14477
2016-02-13 23:00:00,9611
2016-02-14 00:00:00,7821
2016-02-14 01:00:00,8187
2016-02-14 02:00:00,8569
2016-02-14 03:00:00,7173
2016-02-14 04:00:00,7777
2016-02-14 05:00:00,8326
2016-02-14 06:00:00,7188
2016-02-14 07:00:00,8552
2016-02-14 08:00:00,7504
2016-02-14 09:00:00,7330
2016-02-14 10:00:00,16927
2016-02-14 11:00:00,29327
2016-02-14 12:00:00,22813
2016-02-14 13:00:00,20617
2016-02-14 14:00:00,19897
2016-02-14 15:00:00,10126
2016-02-14 16:00:00,7327
2016-02-14 17:00:00,20781
2016-02-14 18:00:00,27292
2016-02-14 19:00:00,29517
2016-02-14 20:00:00,25318
2016-02-14 21:00:00,15744
2016-02-14 22:00:00,7718
2016-02-14 23:00:00,7251
2016-02-15 00:00:00,7797
2016-02-15 01:00:00,7056
2016-02-15 02:00:00,7012
2016-02-15 03:00:00,7661
2016-02-15 04:00:00,6524
2016-02-15 05:00:00,6945
2016-02-15 06:00:00,7366
2016-02-15 07:00:00,6768
2016-02-15 08:00:00,6234
2016-02-15 09:00:00,6576
2016-02-15 10:00:00,14632
2016-02-15 11:00:00,30807
2016-02-15 12:00:00,18498
2016-02-15 13:00:00,24899
2016-02-15 14:00:00,11077
2016-02-15 15:00:00,6984
2016-02-15 16:00:00,6571
2016-02-15 17:00:00,18793
2016-02-15 18:00:00,24820
2016-02-15 19:00:00,24088
2016-02-15 20:00:00,27025
2016-02-15 21:00:00,16352
2016-02-15 22:00:00,6151
2016-02-15 23:00:00,6306
2016-02-16 00:00:00,6809
2016-02-16 01:00:00,6353
2016-02-16 02:00:00,6286
2016-02-16 03:00:00,5944
2016-02-16 04:00:00,5957
2016-02-16 05:00:00,5193
2016-02-16 06:00:00,5646
2016-02-16 07:00:00,6627
2016-02-16 08:00:00,5717
2016-02-16 09:00:00,5528
2016-02-16 10:00:00,18110
2016-02-16 11:00:00,29462
2016-02-16 12:00:00,23498
2016-02-16 13:00:00,18857
2016-02-16 14:00:00,9773
2016-02-16 15:00:00,6157
2016-02-16 16:00:00,7143
2016-02-16 17:00:00,15249
2016-02-16 18:00:00,23962
2016-02-16 19:00:00,21429
2016-02-16 20:00:00,23303
2016-02-16 21:00:00,14427
2016-02-16 22:00:00,5987
2016-02-16 23:00:00,5481
2016-02-17 01:00:00,5144.2372881356
2016-02-17 02:00:00,4808.5
2016-02-17 03:00:00,4799
2016-02-17 04:00:00,5643
2016-02-17 05:00:00,4521
2016-02-17 06:00:00,4752
2016-02-17 07:00:00,5569
2016-02-17 08:00:00,4791
2016-02-17 09:00:00,4529
2016-02-17 10:00:00,12482
2016-02-17 11:00:00,31867
2016-02-17 12:00:00,19335
2016-02-17 13:00:00,22383
2016-02-17 14:00:00,10799
2016-02-17 15:00:00,7805
2016-02-17 16:00:00,7079
2016-02-17 17:00:00,18281
2016-02-17 18:00:00,27737
2016-02-17 19:00:00,27490
2016-02-17 20:00:00,23035
2016-02-17 21:00:00,12731
2016-02-17 22:00:00,7198
2016-02-17 23:00:00,7751
2016-02-18 00:00:00,6843
2016-02-18 01:00:00,7148
2016-02-18 02:00:00,7359
2016-02-18 03:00:00,5972
2016-02-18 04:00:00,6373
2016-02-18 05:00:00,6222.5
2016-02-18 06:00:00,6895.5
2016-02-18 07:00:00,6103
2016-02-18 08:00:00,6605
2016-02-18 09:00:00,6060
2016-02-18 10:00:00,6424
2016-02-18 11:00:00,6510
2016-02-18 12:00:00,5901
2016-02-18 13:00:00,6262
2016-02-18 14:00:00,6635
2016-02-18 15:00:00,6280
2016-02-18 16:00:00,7145
2016-02-18 17:00:00,5440
2016-02-18 18:00:00,6329
2016-02-18 19:00:00,6221
2016-02-18 20:00:00,6685
2016-02-18 21:00:00,6392
2016-02-18 22:00:00,6431.5
2016-02-18 23:00:00,6932.5
2016-02-19 00:00:00,6293
2016-02-19 01:00:00,5527
2016-02-19 02:00:00,6374
2016-02-19 03:00:00,5699
2016-02-19 04:00:00,6130
2016-02-19 05:00:00,5907
2016-02-19 06:00:00,6571
2016-02-19 07:00:00,7267
2016-02-19 08:00:00,7461
2016-02-19 09:00:00,7571
2016-02-19 10:00:00,13776
2016-02-19 11:00:00,30641
2016-02-19 12:00:00,21750
2016-02-19 13:00:00,21878
2016-02-19 14:00:00,13134
2016-02-19 15:00:00,8126
2016-02-19 16:00:00,8025
2016-02-19 17:00:00,18949
2016-02-19 18:00:00,26804
2016-02-19 19:00:00,20798
2016-02-19 20:00:00,21628
2016-02-19 21:00:00,17945
2016-02-19 22:00:00,8884
2016-02-19 23:00:00,7676
2016-02-20 00:00:00,7410
2016-02-20 01:00:00,8039
2016-02-20 02:00:00,8323
2016-02-20 03:00:00,6853
2016-02-20 04:00:00,6736
2016-02-20 05:00:00,6437
2016-02-20 06:00:00,6863
2016-02-20 07:00:00,7405
2016-02-20 08:00:00,7489
2016-02-20 09:00:00,7265
2016-02-20 10:00:00,16046
2016-02-20 11:00:00,29340
2016-02-20 12:00:00,20551
2016-02-20 13:00:00,21532
2016-02-20 14:00:00,13547
2016-02-20 15:00:00,9398
2016-02-20 16:00:00,8632
2016-02-20 17:00:00,18910
2016-02-20 18:00:00,28996
2016-02-20 19:00:00,29583
2016-02-20 20:00:00,27464
2016-02-20 21:00:00,21069
2016-02-20 22:00:00,12519
2016-02-20 23:00:00,7797
2016-02-21 00:00:00,7627
2016-02-21 01:00:00,8396
2016-02-21 02:00:00,7966
2016-02-21 03:00:00,7660
2016-02-21 04:00:00,7547
2016-02-21 05:00:00,8133
2016-02-21 06:00:00,7782
2016-02-21 07:00:00,8290
2016-02-21 08:00:00,7341
2016-02-21 09:00:00,7603
2016-02-21 10:00:00,13243
2016-02-21 11:00:00,33700
2016-02-21 12:00:00,26374
2016-02-21 13:00:00,23506
2016-02-21 14:00:00,12255
2016-02-21 15:00:00,9331
2016-02-21 16:00:00,9665
2016-02-21 17:00:00,20885
2016-02-21 18:00:00,29366
2016-02-21 19:00:00,27804
2016-02-21 20:00:00,23559
2016-02-21 21:00:00,9894
2016-02-21 22:00:00,8669
2016-02-21 23:00:00,8518
2016-02-22 00:00:00,9000
2016-02-22 01:00:00,8705
2016-02-22 02:00:00,7520
2016-02-22 03:00:00,8077
2016-02-22 04:00:00,7186
2016-02-22 05:00:00,8598
2016-02-22 06:00:00,8577
2016-02-22 07:00:00,7760
2016-02-22 08:00:00,7656
2016-02-22 09:00:00,8465
2016-02-22 10:00:00,12126
2016-02-22 11:00:00,33119
2016-02-22 12:00:00,22485
2016-02-22 13:00:00,23208
2016-02-22 14:00:00,13815
2016-02-22 15:00:00,9183
2016-02-22 16:00:00,8014
2016-02-22 17:00:00,21101
2016-02-22 18:00:00,24363
2016-02-22 19:00:00,22119
2016-02-22 20:00:00,20509
2016-02-22 21:00:00,13373
2016-02-22 22:00:00,7688
2016-02-22 23:00:00,7738
2016-02-23 00:00:00,7553
2016-02-23 01:00:00,7517
2016-02-23 02:00:00,7643
2016-02-23 03:00:00,6938
2016-02-23 04:00:00,6904
2016-02-23 05:00:00,7037
2016-02-23 06:00:00,7983
2016-02-23 07:00:00,7862
2016-02-23 08:00:00,6875
2016-02-23 09:00:00,6721
2016-02-23 10:00:00,16381
2016-02-23 11:00:00,28147
2016-02-23 12:00:00,21020
2016-02-23 13:00:00,18292
2016-02-23 14:00:00,10814
2016-02-23 15:00:00,7893
2016-02-23 16:00:00,8295
2016-02-23 17:00:00,19308
2016-02-23 18:00:00,25126
2016-02-23 19:00:00,19446
2016-02-23 20:00:00,18156
2016-02-23 21:00:00,12286
2016-02-23 22:00:00,7064
2016-02-23 23:00:00,7021
2016-02-24 01:00:00,7064.7457627119
2016-02-24 02:00:00,7869
2016-02-24 03:00:00,6315
2016-02-24 04:00:00,7178
2016-02-24 05:00:00,5987
2016-02-24 06:00:00,7791
2016-02-24 07:00:00,7566
2016-02-24 08:00:00,6042
2016-02-24 09:00:00,6883
2016-02-24 10:00:00,14197
2016-02-24 11:00:00,30790
2016-02-24 12:00:00,21195.2542372881
